{
  "K": [
    [
      988.376721321041,
      0.0,
      606.9952101841823
    ],
    [
      0.0,
      995.1403901147087,
      360.0047781892676
    ],
    [
      0.0,
      0.0,
      1.0
    ]
  ],
  "dist": [
    [
      0.052230542785913214
    ],
    [
      0.3081782434519992
    ],
    [
      -0.0010345294017054798
    ],
    [
      -0.005044545391158267
    ],
    [
      -1.4584039830519135
    ]
  ],
  "image_w": 1280,
  "image_h": 720,
  "reproj_error": 0.13653146308736425
}