{
  "H_img_to_ws": [
    [
      0.0026492837496193337,
      0.00035879396428149904,
      -1.015645071648394
    ],
    [
      0.0001412279915051255,
      0.0019643243286339923,
      -0.391648482907944
    ],
    [
      5.228078337411122e-05,
      0.00221923215287299,
      1.0
    ]
  ],
  "H_ws_to_img": [
    [
      391.65370240647644,
      -361.14267266262993,
      256.34017278034537
    ],
    [
      -22.35123348683464,
      373.53250819989404,
      123.59252001712154
    ],
    [
      0.029126613637173282,
      -0.8100745305038761,
      0.7123178406801939
    ]
  ],
  "rect_img_corners": [
    [
      233.6666717529297,
      282.75
    ],
    [
      457.0,
      265.0
    ],
    [
      462.75,
      638.25
    ],
    [
      121.75,
      675.1666870117188
    ]
  ],
  "ws_bounds": [
    -0.18,
    0.18,
    0.12,
    0.38
  ],
  "table_z": 0.04,
  "marker_ids_seen": [
    13,
    13,
    13,
    13,
    13,
    13,
    13,
    13,
    13,
    13,
    13,
    13
  ]
}